{
  "POST Completar Formulario" : {
    "transaction" : "POST Completar Formulario",
    "sampleCount" : 110,
    "errorCount" : 0,
    "errorPct" : 0.0,
    "meanResTime" : 603.8,
    "medianResTime" : 380.0,
    "minResTime" : 266.0,
    "maxResTime" : 2906.0,
    "pct1ResTime" : 1081.3,
    "pct2ResTime" : 2497.449999999999,
    "pct3ResTime" : 2902.81,
    "throughput" : 2.570874330988384,
    "receivedKBytesPerSec" : 14.511380501086778,
    "sentKBytesPerSec" : 1.062402861850562
  },
  "1.Home" : {
    "transaction" : "1.Home",
    "sampleCount" : 110,
    "errorCount" : 0,
    "errorPct" : 0.0,
    "meanResTime" : 657.3363636363638,
    "medianResTime" : 485.5,
    "minResTime" : 268.0,
    "maxResTime" : 2980.0,
    "pct1ResTime" : 1104.2000000000005,
    "pct2ResTime" : 2424.149999999996,
    "pct3ResTime" : 2973.62,
    "throughput" : 2.7618067237440056,
    "receivedKBytesPerSec" : 12.829994711767807,
    "sentKBytesPerSec" : 0.3101638410454694
  },
  "GET Home" : {
    "transaction" : "GET Home",
    "sampleCount" : 110,
    "errorCount" : 0,
    "errorPct" : 0.0,
    "meanResTime" : 657.3363636363638,
    "medianResTime" : 485.5,
    "minResTime" : 268.0,
    "maxResTime" : 2980.0,
    "pct1ResTime" : 1104.2000000000005,
    "pct2ResTime" : 2424.149999999996,
    "pct3ResTime" : 2973.62,
    "throughput" : 2.714574798874686,
    "receivedKBytesPerSec" : 12.610578435787968,
    "sentKBytesPerSec" : 0.3048594744829969
  },
  "4.CompletarCompra" : {
    "transaction" : "4.CompletarCompra",
    "sampleCount" : 110,
    "errorCount" : 0,
    "errorPct" : 0.0,
    "meanResTime" : 603.8,
    "medianResTime" : 380.0,
    "minResTime" : 266.0,
    "maxResTime" : 2906.0,
    "pct1ResTime" : 1081.3,
    "pct2ResTime" : 2497.449999999999,
    "pct3ResTime" : 2902.81,
    "throughput" : 2.621544327931363,
    "receivedKBytesPerSec" : 14.797388882268827,
    "sentKBytesPerSec" : 1.0833420221639656
  },
  "Total" : {
    "transaction" : "Total",
    "sampleCount" : 440,
    "errorCount" : 0,
    "errorPct" : 0.0,
    "meanResTime" : 599.7363636363634,
    "medianResTime" : 401.0,
    "minResTime" : 250.0,
    "maxResTime" : 3149.0,
    "pct1ResTime" : 1081.3000000000002,
    "pct2ResTime" : 1966.5499999999997,
    "pct3ResTime" : 2915.4399999999996,
    "throughput" : 9.319467095926969,
    "receivedKBytesPerSec" : 56.01885835204287,
    "sentKBytesPerSec" : 2.5604334015525385
  },
  "POST Seleccionar vuelo" : {
    "transaction" : "POST Seleccionar vuelo",
    "sampleCount" : 110,
    "errorCount" : 0,
    "errorPct" : 0.0,
    "meanResTime" : 595.3818181818182,
    "medianResTime" : 386.0,
    "minResTime" : 264.0,
    "maxResTime" : 2951.0,
    "pct1ResTime" : 1536.0000000000023,
    "pct2ResTime" : 1980.5999999999997,
    "pct3ResTime" : 2920.3100000000004,
    "throughput" : 2.6269284042604,
    "receivedKBytesPerSec" : 17.226390854109948,
    "sentKBytesPerSec" : 0.8799184010364426
  },
  "2.BuscarVuelo" : {
    "transaction" : "2.BuscarVuelo",
    "sampleCount" : 110,
    "errorCount" : 0,
    "errorPct" : 0.0,
    "meanResTime" : 542.4272727272729,
    "medianResTime" : 379.5,
    "minResTime" : 250.0,
    "maxResTime" : 3149.0,
    "pct1ResTime" : 927.8000000000002,
    "pct2ResTime" : 1784.9999999999968,
    "pct3ResTime" : 3113.4700000000003,
    "throughput" : 2.730206006453214,
    "receivedKBytesPerSec" : 19.64696380925788,
    "sentKBytesPerSec" : 0.6510174283320923
  },
  "3.SeleccionarVuelo" : {
    "transaction" : "3.SeleccionarVuelo",
    "sampleCount" : 110,
    "errorCount" : 0,
    "errorPct" : 0.0,
    "meanResTime" : 595.3818181818182,
    "medianResTime" : 386.0,
    "minResTime" : 264.0,
    "maxResTime" : 2951.0,
    "pct1ResTime" : 1536.0000000000023,
    "pct2ResTime" : 1980.5999999999997,
    "pct3ResTime" : 2920.3100000000004,
    "throughput" : 2.646966816661453,
    "receivedKBytesPerSec" : 17.357795091681304,
    "sentKBytesPerSec" : 0.8866304864403108
  },
  "POST Buscar Vuelo" : {
    "transaction" : "POST Buscar Vuelo",
    "sampleCount" : 110,
    "errorCount" : 0,
    "errorPct" : 0.0,
    "meanResTime" : 542.4272727272729,
    "medianResTime" : 379.5,
    "minResTime" : 250.0,
    "maxResTime" : 3149.0,
    "pct1ResTime" : 927.8000000000002,
    "pct2ResTime" : 1784.9999999999968,
    "pct3ResTime" : 3113.4700000000003,
    "throughput" : 2.758551509680008,
    "receivedKBytesPerSec" : 19.850942217750028,
    "sentKBytesPerSec" : 0.6577764115633464
  }
}