{
  "POST Completar Formulario" : {
    "transaction" : "POST Completar Formulario",
    "sampleCount" : 100,
    "errorCount" : 0,
    "errorPct" : 0.0,
    "meanResTime" : 519.7200000000001,
    "medianResTime" : 360.0,
    "minResTime" : 239.0,
    "maxResTime" : 2077.0,
    "pct1ResTime" : 972.9000000000001,
    "pct2ResTime" : 1418.8499999999983,
    "pct3ResTime" : 2071.159999999997,
    "throughput" : 2.7171697959405483,
    "receivedKBytesPerSec" : 15.33714982474255,
    "sentKBytesPerSec" : 1.1245739562671522
  },
  "1.Home" : {
    "transaction" : "1.Home",
    "sampleCount" : 100,
    "errorCount" : 0,
    "errorPct" : 0.0,
    "meanResTime" : 704.7100000000002,
    "medianResTime" : 537.0,
    "minResTime" : 263.0,
    "maxResTime" : 2685.0,
    "pct1ResTime" : 1505.7000000000005,
    "pct2ResTime" : 1835.5499999999984,
    "pct3ResTime" : 2682.5199999999986,
    "throughput" : 2.7153990278871483,
    "receivedKBytesPerSec" : 12.614407398104651,
    "sentKBytesPerSec" : 0.30495203926466996
  },
  "GET Home" : {
    "transaction" : "GET Home",
    "sampleCount" : 100,
    "errorCount" : 0,
    "errorPct" : 0.0,
    "meanResTime" : 704.7100000000002,
    "medianResTime" : 537.0,
    "minResTime" : 263.0,
    "maxResTime" : 2685.0,
    "pct1ResTime" : 1505.7000000000005,
    "pct2ResTime" : 1835.5499999999984,
    "pct3ResTime" : 2682.5199999999986,
    "throughput" : 2.686222365487415,
    "receivedKBytesPerSec" : 12.478866984984018,
    "sentKBytesPerSec" : 0.30167536331157496
  },
  "4.CompletarCompra" : {
    "transaction" : "4.CompletarCompra",
    "sampleCount" : 100,
    "errorCount" : 0,
    "errorPct" : 0.0,
    "meanResTime" : 519.7200000000001,
    "medianResTime" : 360.0,
    "minResTime" : 239.0,
    "maxResTime" : 2077.0,
    "pct1ResTime" : 972.9000000000001,
    "pct2ResTime" : 1418.8499999999983,
    "pct3ResTime" : 2071.159999999997,
    "throughput" : 2.7044569450454348,
    "receivedKBytesPerSec" : 15.26539174058849,
    "sentKBytesPerSec" : 1.1193124002731503
  },
  "Total" : {
    "transaction" : "Total",
    "sampleCount" : 400,
    "errorCount" : 0,
    "errorPct" : 0.0,
    "meanResTime" : 560.0424999999999,
    "medianResTime" : 398.5,
    "minResTime" : 230.0,
    "maxResTime" : 3110.0,
    "pct1ResTime" : 1006.3000000000002,
    "pct2ResTime" : 1424.6999999999998,
    "pct3ResTime" : 2254.210000000002,
    "throughput" : 9.365488176071178,
    "receivedKBytesPerSec" : 56.29637014165301,
    "sentKBytesPerSec" : 2.5746403798876143
  },
  "POST Seleccionar vuelo" : {
    "transaction" : "POST Seleccionar vuelo",
    "sampleCount" : 100,
    "errorCount" : 0,
    "errorPct" : 0.0,
    "meanResTime" : 546.3199999999998,
    "medianResTime" : 380.0,
    "minResTime" : 232.0,
    "maxResTime" : 3110.0,
    "pct1ResTime" : 932.3000000000001,
    "pct2ResTime" : 1393.4999999999986,
    "pct3ResTime" : 3099.4399999999946,
    "throughput" : 2.7931400480420088,
    "receivedKBytesPerSec" : 18.31634318613485,
    "sentKBytesPerSec" : 0.9355928090609463
  },
  "2.BuscarVuelo" : {
    "transaction" : "2.BuscarVuelo",
    "sampleCount" : 100,
    "errorCount" : 0,
    "errorPct" : 0.0,
    "meanResTime" : 469.42,
    "medianResTime" : 378.5,
    "minResTime" : 230.0,
    "maxResTime" : 1211.0,
    "pct1ResTime" : 823.8000000000001,
    "pct2ResTime" : 910.6499999999999,
    "pct3ResTime" : 1210.4199999999996,
    "throughput" : 2.7389006052970335,
    "receivedKBytesPerSec" : 19.710562399003038,
    "sentKBytesPerSec" : 0.6531903484566295
  },
  "3.SeleccionarVuelo" : {
    "transaction" : "3.SeleccionarVuelo",
    "sampleCount" : 100,
    "errorCount" : 0,
    "errorPct" : 0.0,
    "meanResTime" : 546.3199999999998,
    "medianResTime" : 380.0,
    "minResTime" : 232.0,
    "maxResTime" : 3110.0,
    "pct1ResTime" : 932.3000000000001,
    "pct2ResTime" : 1393.4999999999986,
    "pct3ResTime" : 3099.4399999999946,
    "throughput" : 2.7683959913626044,
    "receivedKBytesPerSec" : 18.154081134765516,
    "sentKBytesPerSec" : 0.9273045166380599
  },
  "POST Buscar Vuelo" : {
    "transaction" : "POST Buscar Vuelo",
    "sampleCount" : 100,
    "errorCount" : 0,
    "errorPct" : 0.0,
    "meanResTime" : 469.42,
    "medianResTime" : 378.5,
    "minResTime" : 230.0,
    "maxResTime" : 1211.0,
    "pct1ResTime" : 823.8000000000001,
    "pct2ResTime" : 910.6499999999999,
    "pct3ResTime" : 1210.4199999999996,
    "throughput" : 2.7638815953124567,
    "receivedKBytesPerSec" : 19.89033867914099,
    "sentKBytesPerSec" : 0.659147973038335
  }
}