{
  "POST Completar Formulario" : {
    "transaction" : "POST Completar Formulario",
    "sampleCount" : 100,
    "errorCount" : 0,
    "errorPct" : 0.0,
    "meanResTime" : 775.7599999999999,
    "medianResTime" : 432.5,
    "minResTime" : 241.0,
    "maxResTime" : 3400.0,
    "pct1ResTime" : 1800.6000000000001,
    "pct2ResTime" : 2554.449999999998,
    "pct3ResTime" : 3395.9599999999978,
    "throughput" : 2.452483139178418,
    "receivedKBytesPerSec" : 13.843117719190682,
    "sentKBytesPerSec" : 1.0129904966278358
  },
  "1.Home" : {
    "transaction" : "1.Home",
    "sampleCount" : 100,
    "errorCount" : 0,
    "errorPct" : 0.0,
    "meanResTime" : 762.74,
    "medianResTime" : 514.0,
    "minResTime" : 252.0,
    "maxResTime" : 3316.0,
    "pct1ResTime" : 1626.4000000000003,
    "pct2ResTime" : 2234.0999999999995,
    "pct3ResTime" : 3310.7999999999975,
    "throughput" : 2.538135485672225,
    "receivedKBytesPerSec" : 11.790928227873804,
    "sentKBytesPerSec" : 0.28504451255108
  },
  "GET Home" : {
    "transaction" : "GET Home",
    "sampleCount" : 100,
    "errorCount" : 0,
    "errorPct" : 0.0,
    "meanResTime" : 762.74,
    "medianResTime" : 514.0,
    "minResTime" : 252.0,
    "maxResTime" : 3316.0,
    "pct1ResTime" : 1626.4000000000003,
    "pct2ResTime" : 2234.0999999999995,
    "pct3ResTime" : 3310.7999999999975,
    "throughput" : 2.484718978283556,
    "receivedKBytesPerSec" : 11.542781425483277,
    "sentKBytesPerSec" : 0.27904558838145405
  },
  "4.CompletarCompra" : {
    "transaction" : "4.CompletarCompra",
    "sampleCount" : 100,
    "errorCount" : 0,
    "errorPct" : 0.0,
    "meanResTime" : 775.7599999999999,
    "medianResTime" : 432.5,
    "minResTime" : 241.0,
    "maxResTime" : 3400.0,
    "pct1ResTime" : 1800.6000000000001,
    "pct2ResTime" : 2554.449999999998,
    "pct3ResTime" : 3395.9599999999978,
    "throughput" : 2.470905092535396,
    "receivedKBytesPerSec" : 13.947101010600184,
    "sentKBytesPerSec" : 1.020599626893331
  },
  "Total" : {
    "transaction" : "Total",
    "sampleCount" : 400,
    "errorCount" : 0,
    "errorPct" : 0.0,
    "meanResTime" : 734.7675000000002,
    "medianResTime" : 466.5,
    "minResTime" : 236.0,
    "maxResTime" : 3400.0,
    "pct1ResTime" : 1734.3000000000002,
    "pct2ResTime" : 2234.0999999999995,
    "pct3ResTime" : 2995.3900000000003,
    "throughput" : 8.770968095603552,
    "receivedKBytesPerSec" : 52.72268323100538,
    "sentKBytesPerSec" : 2.4093823662427365
  },
  "POST Seleccionar vuelo" : {
    "transaction" : "POST Seleccionar vuelo",
    "sampleCount" : 100,
    "errorCount" : 0,
    "errorPct" : 0.0,
    "meanResTime" : 707.2,
    "medianResTime" : 396.5,
    "minResTime" : 238.0,
    "maxResTime" : 2935.0,
    "pct1ResTime" : 1749.2000000000007,
    "pct2ResTime" : 2488.749999999998,
    "pct3ResTime" : 2933.8699999999994,
    "throughput" : 2.500562626590983,
    "receivedKBytesPerSec" : 16.397732458553175,
    "sentKBytesPerSec" : 0.8375908016803781
  },
  "2.BuscarVuelo" : {
    "transaction" : "2.BuscarVuelo",
    "sampleCount" : 100,
    "errorCount" : 0,
    "errorPct" : 0.0,
    "meanResTime" : 693.3700000000001,
    "medianResTime" : 471.5,
    "minResTime" : 236.0,
    "maxResTime" : 3069.0,
    "pct1ResTime" : 1639.0000000000005,
    "pct2ResTime" : 2008.9,
    "pct3ResTime" : 3066.819999999999,
    "throughput" : 2.4996250562415634,
    "receivedKBytesPerSec" : 17.98861030220467,
    "sentKBytesPerSec" : 0.5961264013522971
  },
  "3.SeleccionarVuelo" : {
    "transaction" : "3.SeleccionarVuelo",
    "sampleCount" : 100,
    "errorCount" : 0,
    "errorPct" : 0.0,
    "meanResTime" : 707.2,
    "medianResTime" : 396.5,
    "minResTime" : 238.0,
    "maxResTime" : 2935.0,
    "pct1ResTime" : 1749.2000000000007,
    "pct2ResTime" : 2488.749999999998,
    "pct3ResTime" : 2933.8699999999994,
    "throughput" : 2.534147639441474,
    "receivedKBytesPerSec" : 16.61797011606396,
    "sentKBytesPerSec" : 0.8488404690707281
  },
  "POST Buscar Vuelo" : {
    "transaction" : "POST Buscar Vuelo",
    "sampleCount" : 100,
    "errorCount" : 0,
    "errorPct" : 0.0,
    "meanResTime" : 693.3700000000001,
    "medianResTime" : 471.5,
    "minResTime" : 236.0,
    "maxResTime" : 3069.0,
    "pct1ResTime" : 1639.0000000000005,
    "pct2ResTime" : 2008.9,
    "pct3ResTime" : 3066.819999999999,
    "throughput" : 2.5559105431309903,
    "receivedKBytesPerSec" : 18.393670127795527,
    "sentKBytesPerSec" : 0.6095497204472844
  }
}